{"[1,0]":[1,0,4.038,117,90.085,165,true,true],"[1,1]":[1,1,84.267,165,90.085,165,true,true],"[1,2]":[1,2,84.267,165,90.085,165,true,true],"[1,3]":[1,3,84.267,165,134,165,true,true],"[2,0]":[2,0,86,195,109.612,195,true,true],"[2,1]":[2,1,66.131,163,98.34,163,true,true],"[2,2]":[2,2,103.452,220,136.111,220,true,true],"[2,3]":[2,3,101.864,182,131.614,182,true,true],"[3,0]":[3,0,73.707,164,114.591,164,true,true],"[3,1]":[3,1,65.41,186,102.507,186,true,true],"[3,2]":[3,2,47,192,90.75,192,true,true],"[3,3]":[3,3,94.549,153,125.532,153,true,true],"[4,0]":[4,0,85.07692,130,121.4231,130,true,true],"[4,1]":[4,1,57.57295,190,87.57294,190,true,true],"[4,2]":[4,2,90.07111,188,109.22,188,true,true],"[4,3]":[4,3,78.00948,180,128.055,180,true,true],"[5,0]":[5,0,81.54086,175,110.3409,175,true,true],"[5,1]":[5,1,105.1151,132,128.2262,132,true,true],"[5,2]":[5,2,71.85714,140,113.4286,140,true,true],"[5,3]":[5,3,71.78723,141,130.082,141,true,true],"[6,0]":[6,0,30.36364,110,60.90909,110,true,true],"[6,1]":[6,1,71.7,150,120.2125,160,true,true],"[6,2]":[6,2,60.66667,135,94.44444,135,true,true],"[6,3]":[6,3,70.31917,137,114.554,137,true,true],"[8,0]":[8,0,2,180,30,180,true,true],"[8,1]":[8,1,59.88235,170,90.23529,170,true,true],"[8,2]":[8,2,100.6782,190,120.7308,190,true,true],"[8,3]":[8,3,90,210,132.075,210,true,true],"[9,0]":[9,0,3.2,200,33.2,200,true,true],"[9,1]":[9,1,60.24219,163,97.052,163,true,true],"[9,2]":[9,2,101.629,200,131.629,200,true,true],"[9,3]":[9,3,100.998,160,156.538,160,true,true],"[10,0]":[10,0,3.548387,155,40.32258,155,true,true],"[10,1]":[10,1,77.15684,182,108.8052,182,true,true],"[10,2]":[10,2,90.66202,157,127.3499,157,true,true],"[10,3]":[10,3,67.84321,190,122.776,190,true,true],"[11,0]":[11,0,0,164,38.04878,164,true,true],"[11,1]":[11,1,90,128,120,128,true,true],"[11,2]":[11,2,88,180,126.6667,180,true,true],"[11,3]":[11,3,71.27273,165,123.6364,165,true,true],"[12,0]":[12,0,0,185,42.81081,185,true,true],"[12,1]":[12,1,98.66666,180,122.6667,180,true,true],"[12,2]":[12,2,70.28571,140,111,140,true,true],"[12,3]":[12,3,76.65,200,130.8,200,true,true],"[13,0]":[13,0,58.736,110,93.645,110,true,true],"[13,1]":[13,1,128,160,167.375,160,true,true],"[13,2]":[13,2,76.634,164,129.317,164,true,true],"[13,3]":[13,3,102.502,160,156.538,160,true,true],"[14,0]":[14,0,86.571,210,125.428,210,true,true],"[14,1]":[14,1,92.654,205,125.435,205,true,true],"[14,2]":[14,2,100.28,222.22,139.161,222.22,true,true],"[14,3]":[14,3,95.111,245,139.131,245,true,true],"[15,0]":[15,0,100.4806,212,119.1598,212,true,true],"[15,1]":[15,1,31.993,200,61.993,200,true,true],"[15,2]":[15,2,3.714286,280,53.10714,280,true,true],"[15,3]":[15,3,86,220,134.095,220,true,true],"[16,0]":[16,0,81.44286,175,119.5,175,true,true],"[16,1]":[16,1,84.28571,140,125.4286,140,true,false],"[16,2]":[16,2,47.33333,180,79.33334,180,true,true],"[16,3]":[16,3,88,180,124.988,180,true,true],"[17,0]":[17,0,112.6667,180,147.3333,180,true,true],"[17,1]":[17,1,80.10321,212,118.5938,212,true,true],"[17,2]":[17,2,69.2,200,120.8,200,true,true],"[17,3]":[17,3,97.76923,208,153.914,208,true,true],"[18,0]":[18,0,103.75,125,142.15,125,true,true],"[18,1]":[18,1,24.66667,180,64.66666,180,true,true],"[18,2]":[18,2,64.999,220,120.2099,220,true,true],"[18,3]":[18,3,75.71429,140,125.428,140,true,true]}