{"[7,0]":[7,0,73.707,164,114.591,164,true,true],"[7,1]":[7,1,75.83816,182,98.25574,182,true,true],"[7,2]":[7,2,19.7,200,68,200,false,true],"[7,3]":[7,3,94.549,153,125.532,153,true,true],"[11,0]":[11,0,0,164,38.04878,164,true,true],"[11,1]":[11,1,90,128,120,128,true,true],"[11,2]":[11,2,88,180,126.6667,180,true,true],"[11,3]":[11,3,71.27273,165,123.6364,165,true,true]}